URL,Version,Status,OIDs,Name,Title,Description,Used
http://ahip.org/demographics/CodeSystem/AHIP-Demo-Additional-Language,0.1.0,active,,AHIPDemoAdditionalLanguage,AHIP Demo Additional Language,"An additional collection of codes specifying languages","ValueSet/ahip-speaking-language-prereferences"
http://ahip.org/demographics/CodeSystem/AHIP-Demo-Additional-NullFlavor,0.1.0,active,,AHIPDemoAdditionalNullFlavor,AHIP Demo Additional NullFlavor,"An additional collection of codes specifying why a valid value is not present.","ValueSet/ahip-relationship-status,ValueSet/ahip-background-black-category,ValueSet/ahip-preferred-pronouns,ValueSet/ahip-sexual-orientation,ValueSet/ahip-yes-no-no-response,ValueSet/ahip-demo-gender-identity,ValueSet/ahip-reading-language-prereferences,ValueSet/ahip-religion-spirituality,ValueSet/ahip-interpreter-modes,ValueSet/ahip-outreach-mode,ValueSet/ahip-background-white-category,ValueSet/ahip-background-middle-eastern-category,ValueSet/ahip-speaking-language-prereferences,ValueSet/ahip-background-native-hawaiian-category,ValueSet/ahip-disability,ValueSet/ahip-race-category,ValueSet/ahip-background-asian-category,ValueSet/ahip-background-native-american-category,ValueSet/ahip-birth-sex,ValueSet/ahip-yes-no-dont-know-no-response,ValueSet/ahip-care-consideration,ValueSet/ahip-background-latino-category"
http://ahip.org/demographics/CodeSystem/ahip-demo-additional-background-codes,0.1.0,active,,AHIPDemoAdditionalBackgroundCodes,AHIP Demo Additional Background Codes,"An additional collection of background codes completing the gaps in CDC codes","ValueSet/ahip-background-white-category,ValueSet/ahip-background-black-category,ValueSet/ahip-background-middle-eastern-category,ValueSet/ahip-background-native-american-category,ValueSet/ahip-background-latino-category"
http://ahip.org/demographics/CodeSystem/ahip-demo-additional-relationship-status-codes,0.1.0,active,,AHIPDemoAdditionalRelationshipStatusCodes,AHIP Demo Additional Relationship Status Codes,"An additional collection of relationship status codes","ValueSet/ahip-relationship-status"
http://ahip.org/demographics/CodeSystem/ahip-demo-additional-religion-codes,0.1.0,active,,AHIPDemoAdditionalReligionCodes,AHIP Demo Additional Religion Codes,"An additional collection of religion and spiritual belief codes","ValueSet/ahip-religion-jewish-detail,ValueSet/ahip-religion-spirituality,ValueSet/ahip-religion-christian-detail"
http://ahip.org/demographics/CodeSystem/ahip-demo-disability-codes,0.1.0,active,,AHIPDemoDisabilityCodes,AHIP Demo Disability Codes,"AHIP-specific codes identifying functional difficulty categories used to determine disability status across activities of daily living.","ValueSet/ahip-disability"
http://loinc.org,2.82,active,,LOINC,,"This is a place holder for the code system which is fully supported through internal means (not by this code system)","ValueSet/ahip-preferred-pronouns,ValueSet/ahip-yes-no-no-response,ValueSet/ahip-disability,ValueSet/ahip-yes-no-dont-know-no-response"
http://snomed.info/sct,null,active,"2.16.840.1.113883.6.96",SNOMED_CT,SNOMED CT (all versions),"SNOMED CT is the most comprehensive and precise clinical health terminology product in the world, owned and distributed around the world by The International Health Terminology Standards Development Organisation (IHTSDO).","ValueSet/ahip-sexual-orientation,ValueSet/ahip-demo-gender-identity,ValueSet/ahip-birth-sex"
http://terminology.hl7.org/CodeSystem/care-consideration,1.0.0,active,,CareConsideration,Care Consideration,"Codes representing personal, cultural, and lifestyle considerations that may influence how an individual engages with health care, makes care decisions, and experiences care delivery.","ValueSet/ahip-care-consideration"
http://terminology.hl7.org/CodeSystem/reading-mode,1.0.0,active,,ReadingMode,Reading Mode,"Defines concepts to identify accessible reading formats that an individual may prefer for written health care materials.","ValueSet/ahip-reading-language-prereferences"
http://terminology.hl7.org/CodeSystem/us-military-service-period,1.0.0,active,,USMilitaryServicePeriod,US Military Service Period,"Defines codes to identify discrete periods of United States military service, used to capture when an individual served in the armed forces.","ValueSet/ahip-military-service-period"
http://terminology.hl7.org/CodeSystem/v3-MaritalStatus,5.0.0,active,"2.16.840.1.113883.5.2",MaritalStatus,MaritalStatus,"\* \* \* No description supplied \* \* \*    *Open Issue:* The specific meanings of these codes can vary somewhat by jurisdiction and implementation so caution should be used when determining equivalency.    *Open Issue:* fixing and completion of the hierarchy and proper good definitions of all the concepts is badly needed.","ValueSet/ahip-relationship-status"
http://terminology.hl7.org/CodeSystem/v3-NullFlavor,4.0.0,active,"2.16.840.1.113883.5.1008",NullFlavor,NullFlavor,"A collection of codes specifying why a valid value is not present.","ValueSet/ahip-background-black-category,ValueSet/ahip-preferred-pronouns,ValueSet/ahip-sexual-orientation,ValueSet/ahip-demo-gender-identity,ValueSet/ahip-reading-language-prereferences,ValueSet/ahip-religion-spirituality,ValueSet/ahip-background-white-category,ValueSet/ahip-background-middle-eastern-category,ValueSet/ahip-speaking-language-prereferences,ValueSet/ahip-background-native-hawaiian-category,ValueSet/ahip-race-category,ValueSet/ahip-background-asian-category,ValueSet/ahip-background-native-american-category,ValueSet/ahip-birth-sex,ValueSet/ahip-yes-no-dont-know-no-response,ValueSet/ahip-care-consideration,ValueSet/ahip-background-latino-category"
http://terminology.hl7.org/CodeSystem/v3-ParticipationMode,6.0.0,active,"2.16.840.1.113883.5.1064",ParticipationMode,ParticipationMode,"A set of codes specifying the modality by which the Entity playing the Role is participating in the Act.    *Examples:* Physically present, over the telephone, written communication.    *Rationale:* Particularly for author (originator) participants this is used to specify whether the information represented by the act was initially provided verbally, (hand-)written, or electronically.    *Open Issue:* There needs to be a reexamination of the hierarchies as there seems to be some muddling between ELECTRONIC and other concepts that involve electronic communication that are in other hierarchies.","ValueSet/ahip-outreach-mode,ValueSet/ahip-interpreter-modes"
http://terminology.hl7.org/CodeSystem/v3-ReligiousAffiliation,4.0.0,active,"2.16.840.1.113883.5.1076",ReligiousAffiliation,Religious Affiliation,"Assigment of spiritual faith affiliation","ValueSet/ahip-religion-spirituality,ValueSet/ahip-religion-christian-detail"
urn:oid:2.16.840.1.113883.6.238,1.3,active,"2.16.840.1.113883.6.238",CDCREC,CDC Race and Ethnicity,"CDC Race and Ethnicity code system, including hierarchical relationships reconstructed from the CDC published hierarchy.","ValueSet/ahip-background-white-category,ValueSet/ahip-background-black-category,ValueSet/ahip-background-middle-eastern-category,ValueSet/ahip-background-native-hawaiian-category,ValueSet/ahip-background-asian-category,ValueSet/ahip-race-category,ValueSet/ahip-background-native-american-category,ValueSet/ahip-background-latino-category"
