Source File	Size	loadResources	load	generateSnapshots	load-configure	scan	loadDepInfo	loadInfo	checkR4R4B	generateNarratives	validate	loadLists	checkConformanceResources	checkConformanceResources2	checkConformanceResources3	generateLogicalMaps	validateExpressions	scanForUsageStats	checkURLsUnique	processProvenanceDetails	generate1	generate2	responsesForQuestionnaire	generateLogicals	makeDependencies	generateExampleZip	generateValidationPack	scanProfilesForR5	scanExamplesForR5
/fsh-generated/resources/ImplementationGuide-ahip.demo.json	14288	-	0	0	0	0	0	0	59	314	0	0	0	0	0	0	0	1	1	0	370	425	0	0	0	1	21	0	3
fsh-generated/resources/CodeSystem-AHIP-Demo-Additional-Language.json	677	11	0	0	28	0	2	0	1	49	0	0	0	0	0	0	0	0	0	0	57	318	0	0	0	0	3	0	2
fsh-generated/resources/CodeSystem-AHIP-Demo-Additional-NullFlavor.json	1331	2	0	0	0	0	0	1	0	10	0	0	0	0	0	0	0	0	0	0	19	140	0	0	0	0	1	0	0
fsh-generated/resources/CodeSystem-ahip-demo-additional-background-codes.json	2806	4	0	0	1	0	0	0	7	15	0	0	0	0	0	0	0	0	0	0	28	255	0	0	0	0	1	0	1
fsh-generated/resources/CodeSystem-ahip-demo-additional-relationship-status-codes.json	1085	1	0	0	1	0	0	0	0	26	0	0	0	0	0	0	0	0	0	0	15	132	0	0	0	0	0	0	0
fsh-generated/resources/CodeSystem-ahip-demo-additional-religion-codes.json	2130	3	0	0	0	0	0	0	1	20	0	0	0	0	0	0	0	0	0	0	18	106	0	0	0	0	1	0	0
fsh-generated/resources/CodeSystem-ahip-demo-disability-codes.json	1646	3	0	0	0	0	0	0	0	13	0	0	0	0	0	0	0	0	0	0	22	92	0	0	0	0	0	0	0
fsh-generated/resources/Questionnaire-AHIPDemoQuestionnaire.json	31583	24	0	0	0	0	0	0	4	289	0	0	0	0	0	0	0	1	0	0	271	473	0	0	0	2	8	0	5
fsh-generated/resources/ValueSet-ahip-background-asian-category.json	3062	5	0	0	0	0	0	0	1	273	0	0	0	0	0	0	0	0	0	0	45	474	0	0	0	0	2	0	0
fsh-generated/resources/ValueSet-ahip-background-black-category.json	3154	5	0	0	0	0	0	0	1	30	0	0	0	0	0	0	0	0	0	0	41	325	0	0	0	1	2	0	0
fsh-generated/resources/ValueSet-ahip-background-latino-category.json	3428	8	0	0	0	0	0	0	0	13	0	0	0	0	0	0	0	0	0	0	48	162	0	0	0	0	2	0	0
fsh-generated/resources/ValueSet-ahip-background-middle-eastern-category.json	3084	3	0	0	0	0	0	0	1	13	0	0	0	0	0	0	0	0	0	0	25	118	0	0	0	0	1	0	0
fsh-generated/resources/ValueSet-ahip-background-native-american-category.json	3554	4	0	0	0	0	0	0	1	13	0	0	0	0	0	0	0	0	0	0	35	142	0	0	1	0	2	0	0
fsh-generated/resources/ValueSet-ahip-background-native-hawaiian-category.json	2603	3	0	0	0	0	0	0	0	14	0	0	0	0	0	0	0	0	0	0	23	113	0	0	0	0	0	0	0
fsh-generated/resources/ValueSet-ahip-background-white-category.json	3401	3	0	0	0	0	0	0	5	13	0	0	0	0	0	0	0	0	0	0	22	129	0	0	0	0	1	0	0
fsh-generated/resources/ValueSet-ahip-birth-sex.json	1870	2	0	0	0	0	0	0	0	18	0	0	0	0	0	0	0	0	0	0	21	181	0	0	0	0	1	0	0
fsh-generated/resources/ValueSet-ahip-care-consideration.json	1616	1	0	0	1	0	0	0	0	14	0	0	0	0	0	0	0	0	0	0	13	129	0	0	0	0	1	0	0
fsh-generated/resources/ValueSet-ahip-demo-gender-identity.json	2546	2	0	0	0	0	0	0	1	15	0	0	0	0	0	0	0	0	0	0	45	151	0	0	0	0	0	0	0
fsh-generated/resources/ValueSet-ahip-disability.json	1563	1	0	0	0	0	0	0	0	15	0	0	0	0	0	0	0	0	0	0	15	222	0	0	0	0	0	0	0
fsh-generated/resources/ValueSet-ahip-interpreter-modes.json	1512	1	0	0	0	0	0	0	0	13	0	0	0	0	0	0	0	0	0	0	24	81	0	0	0	0	2	0	0
fsh-generated/resources/ValueSet-ahip-military-service-period.json	1064	1	0	0	0	0	0	0	0	11	0	0	0	0	0	0	0	0	0	0	11	118	0	0	0	1	0	0	0
fsh-generated/resources/ValueSet-ahip-outreach-mode.json	1604	1	0	0	0	0	0	0	7	4	0	0	0	0	0	0	0	0	0	0	16	205	0	0	0	0	1	0	0
fsh-generated/resources/ValueSet-ahip-preferred-pronouns.json	2185	1	0	0	1	0	0	0	1	6	0	0	0	0	0	0	0	0	0	0	34	160	0	0	0	0	0	0	0
fsh-generated/resources/ValueSet-ahip-race-category.json	2263	6	0	0	0	0	0	0	0	7	0	0	0	0	0	0	0	0	0	0	18	225	1	0	0	0	0	0	0
fsh-generated/resources/ValueSet-ahip-reading-language-prereferences.json	6728	8	0	0	1	0	0	0	3	41	0	0	0	0	0	0	0	0	0	0	37	148	0	0	0	0	9	0	0
fsh-generated/resources/ValueSet-ahip-relationship-status.json	2485	2	0	0	2	0	0	0	0	8	0	0	0	0	0	0	0	0	0	0	30	99	0	0	0	0	0	0	1
fsh-generated/resources/ValueSet-ahip-religion-christian-detail.json	2666	2	0	0	0	0	0	0	0	22	0	0	0	0	0	0	0	0	0	0	33	96	0	0	0	0	3	0	0
fsh-generated/resources/ValueSet-ahip-religion-jewish-detail.json	1298	1	0	0	0	0	0	0	1	16	0	0	0	0	0	0	0	0	0	0	10	63	0	0	0	0	1	0	0
fsh-generated/resources/ValueSet-ahip-religion-spirituality.json	4012	3	0	0	0	0	0	0	0	15	0	0	0	0	0	0	0	0	0	0	53	101	0	0	0	0	1	0	0
fsh-generated/resources/ValueSet-ahip-sexual-orientation.json	2399	3	0	0	1	0	0	0	0	20	0	0	0	0	0	0	0	0	0	0	18	86	0	0	0	0	1	0	0
fsh-generated/resources/ValueSet-ahip-speaking-language-prereferences.json	6685	5	0	0	0	0	0	0	2	31	0	0	0	0	0	0	0	1	0	0	32	124	0	0	0	0	1	0	0
fsh-generated/resources/ValueSet-ahip-yes-no-dont-know-no-response.json	1560	2	0	0	0	0	0	0	0	13	0	0	0	0	0	0	0	0	0	0	17	96	0	0	0	0	0	0	0
fsh-generated/resources/ValueSet-ahip-yes-no-no-response.json	1309	2	0	0	0	0	0	0	0	6	0	0	0	0	0	0	0	0	0	0	10	61	0	0	0	0	0	0	0
/fsh-generated/includes/fsh-link-references.md	2376	-	-	-	0	0	0	0	0	0	0	0	0	0	0	0	0	0	0	0	0	5	0	0	0	0	0	0	0
/fsh-generated/includes/menu.xml	1718	-	-	-	0	0	0	0	0	0	0	0	0	0	0	0	0	0	0	0	0	2	0	0	0	0	0	0	0
/input/pagecontent/conventions.md	1271	-	-	-	0	0	0	0	0	0	0	0	0	0	0	0	0	0	0	0	0	1	0	0	0	0	0	0	0
/input/pagecontent/intellectual-property.md	7431	-	-	-	0	0	0	0	0	0	0	0	0	0	0	0	0	0	0	0	0	3	0	0	0	0	0	0	0
/input/pagecontent/projects-and-participants.md	459	-	-	-	0	0	0	0	0	0	0	0	0	0	0	0	0	0	0	0	0	1	0	0	0	0	0	0	0
/input/pagecontent/introduction.md	9577	-	-	-	0	0	0	0	0	0	0	0	0	0	0	0	0	0	0	0	0	4	0	0	0	0	0	0	0
/input/pagecontent/mapping.md	1390	-	-	-	0	0	0	0	0	0	0	0	0	0	0	0	0	0	0	0	0	1	0	0	0	0	0	0	0
/input/pagecontent/index.md	2557	-	-	-	0	0	0	0	0	0	0	0	0	0	0	0	0	0	0	0	0	1	0	0	0	0	0	0	0
/input/pagecontent/supporting-specifications.md	1983	-	-	-	0	0	0	0	0	0	0	0	0	0	0	0	0	0	0	0	0	1	0	0	0	0	0	0	0
/input/pagecontent/support-menu.md	2269	-	-	-	0	0	0	0	0	0	0	0	0	0	0	0	0	0	0	0	0	1	0	0	0	0	0	0	0
/input/pagecontent/background.md	5433	-	-	-	0	0	0	0	0	0	0	0	0	0	0	0	0	0	0	0	0	4	0	0	0	0	0	0	0
/input/pagecontent/use-cases.md	4732	-	-	-	0	0	0	0	0	0	0	0	0	0	0	0	0	0	0	0	0	3	0	0	0	0	0	0	0
/input/pagecontent/security.md	2101	-	-	-	0	0	0	0	0	0	0	0	0	0	0	0	0	0	0	0	0	1	0	0	0	0	0	0	0
/template/config	0	-	-	-	0	0	0	0	0	0	0	0	0	0	0	0	0	0	0	0	0	0	0	0	0	0	0	0	0
/template/config/_config.yml	140	-	-	-	0	0	0	0	0	0	0	0	0	0	0	0	0	0	0	0	0	1	0	0	0	0	0	0	0
/temp/pages/_includes/artifacts.xml	17211	-	-	-	-	-	-	-	-	-	-	-	-	-	-	-	-	-	-	-	-	9	0	0	0	0	0	0	0
